time,open,high,low,close,volume,bid_close,ask_close,close_ema_14
2025-12-08T04:00:00Z,1.16502,1.16556,1.16497,1.16545,2428.0,1.16537,1.16553,1.16545
2025-12-08T05:00:00Z,1.16546,1.16564,1.16526,1.16562,2800.0,1.16554,1.1657,1.1654726666666668
2025-12-08T06:00:00Z,1.16562,1.16722,1.16562,1.16608,5992.0,1.166,1.16617,1.1655536444444445
2025-12-08T07:00:00Z,1.1661,1.1668,1.1655,1.16582,5762.0,1.16573,1.16591,1.1655891585185187
2025-12-08T08:00:00Z,1.16582,1.16625,1.16482,1.16561,6604.0,1.16553,1.16569,1.1655919373827164
2025-12-08T09:00:00Z,1.1656,1.16576,1.16479,1.16488,6285.0,1.1648,1.16496,1.1654970123983541
2025-12-08T10:00:00Z,1.16486,1.16557,1.16478,1.16509,5466.0,1.16501,1.16517,1.1654427440785735
2025-12-08T11:00:00Z,1.16508,1.16536,1.16468,1.16502,5657.0,1.16494,1.16511,1.1653863782014304
2025-12-08T12:00:00Z,1.16502,1.16539,1.16476,1.16533,5996.0,1.16525,1.16541,1.1653788611079063
2025-12-08T13:00:00Z,1.16534,1.16576,1.16456,1.16484,7217.0,1.16476,1.16492,1.1653070129601855
2025-12-08T14:00:00Z,1.16484,1.16548,1.16378,1.16402,10181.0,1.16394,1.16411,1.1651354112321608
2025-12-08T15:00:00Z,1.16402,1.16402,1.16172,1.16251,10366.0,1.16244,1.16258,1.164785356401206
2025-12-08T16:00:00Z,1.16251,1.16288,1.16165,1.16248,7562.0,1.1624,1.16257,1.164477975547712
2025-12-08T17:00:00Z,1.16251,1.16392,1.162,1.16392,6232.0,1.16383,1.164,1.1644035788080171
2025-12-08T18:00:00Z,1.16392,1.16422,1.16344,1.16373,4661.0,1.16365,1.16381,1.1643137683002815
2025-12-08T19:00:00Z,1.16372,1.16418,1.16364,1.16394,4014.0,1.16386,1.16402,1.1642639325269106
2025-12-08T20:00:00Z,1.16394,1.1642,1.16374,1.16381,2682.0,1.16373,1.16389,1.1642034081899892
2025-12-08T21:00:00Z,1.16382,1.16388,1.16352,1.1637,1706.0,1.1636,1.16379,1.1641362870979908
2025-12-08T22:00:00Z,1.16352,1.16381,1.16352,1.16362,1813.0,1.16346,1.16378,1.1640674488182587
2025-12-08T23:00:00Z,1.16362,1.1641,1.16358,1.1641,1066.0,1.16401,1.16418,1.1640717889758243
2025-12-09T00:00:00Z,1.16408,1.1643,1.16369,1.16386,2595.0,1.16379,1.16394,1.1640435504457145
2025-12-09T01:00:00Z,1.16386,1.16476,1.1636,1.16472,3678.0,1.16464,1.16481,1.1641337437196193
2025-12-09T02:00:00Z,1.16471,1.16484,1.16438,1.16458,2517.0,1.16449,1.16466,1.1641932445570033
2025-12-09T03:00:00Z,1.16459,1.16488,1.16438,1.16456,2686.0,1.16449,1.16464,1.1642421452827363
2025-12-09T04:00:00Z,1.16456,1.16472,1.16438,1.16468,2486.0,1.1646,1.16476,1.1643005259117047
2025-12-09T05:00:00Z,1.1647,1.16506,1.16441,1.1649,2525.0,1.16481,1.16498,1.1643804557901443
2025-12-09T06:00:00Z,1.16486,1.16491,1.1642,1.16438,3731.0,1.16431,1.16446,1.164380395018125
2025-12-09T07:00:00Z,1.1644,1.16462,1.16382,1.16398,4893.0,1.1639,1.16407,1.1643270090157085
2025-12-09T08:00:00Z,1.16399,1.16498,1.16337,1.1645,6326.0,1.16441,1.16458,1.1643500744802808
2025-12-09T09:00:00Z,1.16448,1.16573,1.16436,1.16524,6116.0,1.16516,1.16532,1.1644687312162434
2025-12-09T10:00:00Z,1.16524,1.16543,1.16404,1.16447,5009.0,1.1644,1.16454,1.164468900387411
2025-12-09T11:00:00Z,1.16448,1.16478,1.16381,1.16436,5583.0,1.16427,1.16444,1.164454380335756
2025-12-09T12:00:00Z,1.16436,1.16444,1.16343,1.16377,5222.0,1.16369,1.16385,1.164363129624322
2025-12-09T13:00:00Z,1.16378,1.164,1.1629,1.16346,7837.0,1.16338,1.16353,1.164242712341079
2025-12-09T14:00:00Z,1.16346,1.16388,1.16282,1.16376,10328.0,1.16365,1.16387,1.1641783506956018
2025-12-09T15:00:00Z,1.16376,1.16379,1.16151,1.16287,13522.0,1.1628,1.16294,1.1640039039361882
2025-12-09T16:00:00Z,1.16289,1.16412,1.16288,1.16382,5878.0,1.16374,1.1639,1.1639793834113632
2025-12-09T17:00:00Z,1.16382,1.16397,1.1622,1.16242,4864.0,1.16234,1.16249,1.1637714656231815
2025-12-09T18:00:00Z,1.1624,1.16249,1.16169,1.16243,3924.0,1.16236,1.1625,1.1635926035400905
2025-12-09T19:00:00Z,1.16244,1.163,1.1622,1.16287,3233.0,1.1628,1.16294,1.1634962564014117
2025-12-09T20:00:00Z,1.16288,1.16322,1.16265,1.16268,2608.0,1.16261,1.16276,1.1633874222145568
2025-12-09T21:00:00Z,1.16268,1.16294,1.16236,1.16266,1545.0,1.16258,1.16275,1.1632904325859492
2025-12-09T22:00:00Z,1.16275,1.16296,1.1626,1.16268,969.0,1.16251,1.16285,1.1632090415744893
2025-12-09T23:00:00Z,1.16266,1.16288,1.16246,1.16279,938.0,1.1627,1.16288,1.1631531693645574
2025-12-10T00:00:00Z,1.1628,1.16289,1.16244,1.16262,2921.0,1.16253,1.1627,1.1630820801159498
2025-12-10T01:00:00Z,1.16263,1.16288,1.16224,1.16238,2993.0,1.1623,1.16247,1.1629884694338233
2025-12-10T02:00:00Z,1.16237,1.16285,1.16232,1.16238,2525.0,1.1623,1.16247,1.1629073401759802
2025-12-10T03:00:00Z,1.16238,1.16274,1.16216,1.16266,2429.0,1.16258,1.16274,1.1628743614858494
2025-12-10T04:00:00Z,1.16266,1.16291,1.16251,1.16274,2017.0,1.16266,1.16283,1.1628564466210696
2025-12-10T05:00:00Z,1.16273,1.1631,1.16265,1.163,2072.0,1.16291,1.16308,1.1628755870715937
2025-12-10T06:00:00Z,1.16298,1.16356,1.16286,1.16354,2956.0,1.16347,1.16362,1.1629641754620479
2025-12-10T07:00:00Z,1.16354,1.16494,1.16344,1.16483,5791.0,1.16475,1.16491,1.1632129520671082
2025-12-10T08:00:00Z,1.16482,1.16578,1.16436,1.16526,6981.0,1.16518,1.16533,1.1634858917914939
2025-12-10T09:00:00Z,1.16528,1.1653,1.16356,1.16365,5673.0,1.16357,1.16373,1.1635077728859613
2025-12-10T10:00:00Z,1.16364,1.16395,1.16276,1.16343,5553.0,1.16335,1.16351,1.1634974031678331
2025-12-10T11:00:00Z,1.16346,1.16384,1.163,1.16352,4853.0,1.16343,1.1636,1.1635004160787887
2025-12-10T12:00:00Z,1.16352,1.16424,1.16329,1.16394,4270.0,1.16385,1.16402,1.1635590272682836
2025-12-10T13:00:00Z,1.16395,1.16418,1.16276,1.16402,6351.0,1.16394,1.1641,1.1636204902991791
2025-12-10T14:00:00Z,1.16402,1.16452,1.16338,1.16434,8018.0,1.16425,1.16442,1.1637164249259553
2025-12-10T15:00:00Z,1.16432,1.16514,1.16347,1.16421,7843.0,1.16414,1.16428,1.163782234935828
2025-12-10T16:00:00Z,1.1642,1.165,1.16374,1.165,5417.0,1.16493,1.16508,1.163944603611051
2025-12-10T17:00:00Z,1.165,1.16604,1.16458,1.16588,4599.0,1.1658,1.16595,1.1642026564629109
2025-12-10T18:00:00Z,1.16587,1.1661,1.16536,1.16561,3743.0,1.16547,1.16575,1.1643903022678561
2025-12-10T19:00:00Z,1.16563,1.16812,1.1647,1.16782,34556.0,1.16773,1.16791,1.1648475952988087
2025-12-10T20:00:00Z,1.16782,1.16998,1.16738,1.16941,14634.0,1.16933,1.16949,1.1654559159256341
2025-12-10T21:00:00Z,1.16942,1.1696,1.16896,1.16958,2924.0,1.16949,1.16967,1.1660057938022164
2025-12-10T22:00:00Z,1.16928,1.16966,1.16898,1.16953,2596.0,1.16944,1.16962,1.166475687961921
2025-12-10T23:00:00Z,1.16955,1.17028,1.1695,1.17016,1453.0,1.17008,1.17024,1.1669669295669982
2025-12-11T00:00:00Z,1.17016,1.1705,1.16972,1.17022,4232.0,1.17014,1.1703,1.1674006722913985
2025-12-11T01:00:00Z,1.17022,1.17074,1.17004,1.17017,4600.0,1.17009,1.17025,1.1677699159858788
2025-12-11T02:00:00Z,1.17018,1.17062,1.16933,1.16939,3984.0,1.16931,1.16947,1.1679859271877615
2025-12-11T03:00:00Z,1.16938,1.16976,1.16902,1.1691,3291.0,1.16901,1.16918,1.1681344702293934
2025-12-11T04:00:00Z,1.16908,1.16917,1.16855,1.16903,2537.0,1.16896,1.1691,1.1682538741988078
2025-12-11T05:00:00Z,1.16902,1.16922,1.16846,1.16854,2435.0,1.16846,1.16862,1.1682920243056334
2025-12-11T06:00:00Z,1.16854,1.16898,1.16823,1.1689,3025.0,1.16883,1.16897,1.168373087731549
2025-12-11T07:00:00Z,1.16892,1.1701,1.16874,1.16936,5150.0,1.16929,1.16943,1.1685046760340092
2025-12-11T08:00:00Z,1.16938,1.17066,1.16936,1.16972,7039.0,1.16965,1.1698,1.1686667192294746
2025-12-11T09:00:00Z,1.16972,1.17034,1.16873,1.17022,6748.0,1.17014,1.1703,1.1688738233322113
2025-12-11T10:00:00Z,1.17022,1.17078,1.16989,1.17072,4860.0,1.17064,1.17079,1.1691199802212497
2025-12-11T11:00:00Z,1.17072,1.17178,1.17062,1.17132,4748.0,1.17124,1.17139,1.1694133161917497
2025-12-11T12:00:00Z,1.1713,1.17193,1.17098,1.1717,5468.0,1.17162,1.17178,1.1697182073661831
2025-12-11T13:00:00Z,1.1717,1.17364,1.17133,1.17311,10177.0,1.17303,1.17319,1.1701704463840255
2025-12-11T14:00:00Z,1.1731,1.17485,1.17303,1.17376,9714.0,1.17368,1.17385,1.170649053532822
2025-12-11T15:00:00Z,1.17378,1.17571,1.17316,1.17564,9257.0,1.17557,1.17571,1.171314513061779
2025-12-11T16:00:00Z,1.17564,1.17595,1.17462,1.17554,7619.0,1.17546,1.17561,1.1718779113202085
2025-12-11T17:00:00Z,1.17552,1.17628,1.17498,1.17552,5828.0,1.17544,1.17561,1.1723635231441807
2025-12-11T18:00:00Z,1.17552,1.17594,1.17511,1.17536,4129.0,1.17529,1.17544,1.1727630533916233
2025-12-11T19:00:00Z,1.17537,1.17538,1.17405,1.17412,3986.0,1.17403,1.1742,1.1729439796060737
2025-12-11T20:00:00Z,1.1741,1.17458,1.17365,1.1741,3952.0,1.17403,1.17417,1.1730981156585971
2025-12-11T21:00:00Z,1.17408,1.17434,1.17372,1.17384,2140.0,1.17375,1.17393,1.1731970335707842
2025-12-11T22:00:00Z,1.17388,1.17402,1.17385,1.17389,1225.0,1.17378,1.174,1.1732894290946796
2025-12-11T23:00:00Z,1.17388,1.17418,1.17372,1.17409,1109.0,1.17401,1.17417,1.1733961718820556
2025-12-12T00:00:00Z,1.1741,1.17446,1.17392,1.17405,4090.0,1.17397,1.17413,1.1734833489644483
2025-12-12T01:00:00Z,1.17406,1.17462,1.17325,1.17349,3913.0,1.17341,1.17357,1.1734842357691886
2025-12-12T02:00:00Z,1.17348,1.17378,1.17312,1.17362,2914.0,1.17353,1.1737,1.1735023376666303
2025-12-12T03:00:00Z,1.17362,1.17376,1.17332,1.17344,2416.0,1.17336,1.17352,1.1734940259777462
2025-12-12T04:00:00Z,1.17344,1.17356,1.17312,1.17318,2335.0,1.1731,1.17326,1.17345215584738
2025-12-12T05:00:00Z,1.17317,1.17394,1.17316,1.17386,2176.0,1.17378,1.17393,1.1735065350677294
2025-12-12T06:00:00Z,1.17386,1.1742,1.1734,1.17391,3448.0,1.17382,1.174,1.1735603303920321
2025-12-12T07:00:00Z,1.17389,1.17434,1.17358,1.1738,5315.0,1.17371,1.17388,1.1735922863397612
2025-12-12T08:00:00Z,1.17379,1.17422,1.17282,1.17282,6906.0,1.17274,1.17291,1.1734893148277932
2025-12-12T09:00:00Z,1.17281,1.17348,1.1727,1.17328,5293.0,1.1732,1.17337,1.1734614061840876
2025-12-12T10:00:00Z,1.17328,1.17334,1.17245,1.17274,4965.0,1.17265,1.17282,1.173365218692876
2025-12-12T11:00:00Z,1.17274,1.17292,1.17223,1.17268,3305.0,1.1726,1.17276,1.1732738562004925
2025-12-12T12:00:00Z,1.17266,1.1728,1.17196,1.1725,3939.0,1.17242,1.17258,1.1731706753737603
2025-12-12T13:00:00Z,1.1725,1.17352,1.1724,1.17272,5804.0,1.17265,1.1728,1.1731105853239256
2025-12-12T14:00:00Z,1.17272,1.17436,1.17232,1.17422,7971.0,1.17415,1.17429,1.1732585072807356
2025-12-12T15:00:00Z,1.1742,1.17451,1.17296,1.17382,8255.0,1.17375,1.17389,1.1733333729766375
2025-12-12T16:00:00Z,1.17381,1.17434,1.17262,1.17312,7144.0,1.17304,1.1732,1.1733049232464192
2025-12-12T17:00:00Z,1.17312,1.17482,1.17302,1.17478,4828.0,1.1747,1.17486,1.1735016001468968
2025-12-12T18:00:00Z,1.17478,1.17498,1.17405,1.17416,4290.0,1.17409,1.17423,1.1735893867939773
2025-12-12T19:00:00Z,1.17415,1.17415,1.17354,1.17405,3794.0,1.17397,1.17413,1.1736508018881138
2025-12-12T20:00:00Z,1.17402,1.17466,1.1737,1.17392,3785.0,1.17384,1.174,1.1736866949696987
2025-12-12T21:00:00Z,1.17392,1.17453,1.17384,1.17401,2021.0,1.17388,1.17414,1.1737298023070721
2025-12-14T22:00:00Z,1.1733,1.17391,1.1733,1.17376,1150.0,1.17353,1.174,1.1737338286661292
2025-12-14T23:00:00Z,1.17376,1.17409,1.17356,1.17372,1246.0,1.17364,1.17379,1.1737319848439787
2025-12-15T00:00:00Z,1.17372,1.17374,1.17286,1.17334,2950.0,1.17326,1.17341,1.1736797201981148
2025-12-15T01:00:00Z,1.17333,1.17425,1.17296,1.17414,4060.0,1.17407,1.17422,1.1737410908383663
2025-12-15T02:00:00Z,1.17414,1.17448,1.1737,1.17414,4231.0,1.17407,1.17422,1.1737942787265843
2025-12-15T03:00:00Z,1.17415,1.17448,1.17318,1.17342,3240.0,1.17334,1.1735,1.173744374896373
2025-12-15T04:00:00Z,1.17342,1.17356,1.1732,1.17324,2341.0,1.17315,1.17332,1.17367712491019
2025-12-15T05:00:00Z,1.17326,1.17359,1.17321,1.17344,2714.0,1.17336,1.17353,1.1736455082554982
2025-12-15T06:00:00Z,1.17343,1.17364,1.17288,1.17354,4080.0,1.17345,1.17362,1.1736314404880985
2025-12-15T07:00:00Z,1.17353,1.17382,1.1728,1.17286,5184.0,1.17277,1.17294,1.173528581756352
2025-12-15T08:00:00Z,1.17285,1.17388,1.17265,1.17312,5959.0,1.17304,1.1732,1.1734741041888386
2025-12-15T09:00:00Z,1.17312,1.17436,1.17306,1.17434,5111.0,1.17426,1.17442,1.17358955696366
2025-12-15T10:00:00Z,1.17434,1.17467,1.17392,1.17428,3639.0,1.17419,1.17436,1.1736816160351722
2025-12-15T11:00:00Z,1.17427,1.17502,1.17413,1.17488,3000.0,1.17481,1.17496,1.173841400563816
2025-12-15T12:00:00Z,1.17489,1.17593,1.17485,1.17528,3860.0,1.17521,1.17536,1.174033213821974
2025-12-15T13:00:00Z,1.17529,1.17598,1.17472,1.17474,5525.0,1.17466,1.17483,1.1741274519790441
2025-12-15T14:00:00Z,1.17474,1.17642,1.17441,1.17636,7313.0,1.17628,1.17644,1.174425125048505
2025-12-15T15:00:00Z,1.17636,1.1769,1.17548,1.17628,11025.0,1.17621,1.17636,1.1746724417087042
2025-12-15T16:00:00Z,1.17628,1.17649,1.17522,1.17556,6980.0,1.17548,1.17563,1.1747907828142103
2025-12-15T17:00:00Z,1.17554,1.17558,1.1745,1.17459,4382.0,1.17451,1.17467,1.1747640117723157
2025-12-15T18:00:00Z,1.17458,1.17484,1.17392,1.17432,3773.0,1.17425,1.1744,1.1747048102026736
2025-12-15T19:00:00Z,1.17432,1.175,1.17384,1.1749,2866.0,1.17481,1.17498,1.1747308355089838
2025-12-15T20:00:00Z,1.17488,1.17519,1.17476,1.17512,2501.0,1.17504,1.17519,1.174782724107786
2025-12-15T21:00:00Z,1.1751,1.17541,1.17492,1.17539,1589.0,1.1753,1.17548,1.1748636942267479
2025-12-15T22:00:00Z,1.17521,1.17542,1.1749,1.17514,2368.0,1.17504,1.17525,1.174900534996515
2025-12-15T23:00:00Z,1.17514,1.1756,1.17512,1.17536,793.0,1.17528,1.17545,1.1749617969969797
2025-12-16T00:00:00Z,1.17538,1.1758,1.17484,1.17498,3331.0,1.1749,1.17507,1.174964224064049
2025-12-16T01:00:00Z,1.17498,1.17554,1.17466,1.17519,4411.0,1.17511,1.17527,1.174994327522176
2025-12-16T02:00:00Z,1.1752,1.17566,1.17503,1.17557,2644.0,1.17549,1.17565,1.1750710838525524
2025-12-16T03:00:00Z,1.17556,1.17592,1.175,1.17518,2534.0,1.1751,1.17526,1.1750856060055455
2025-12-16T04:00:00Z,1.17518,1.17539,1.175,1.17511,1575.0,1.17503,1.17519,1.1750888585381394
2025-12-16T05:00:00Z,1.1751,1.17542,1.17494,1.17505,2350.0,1.17497,1.17513,1.1750836773997209
2025-12-16T06:00:00Z,1.17504,1.17538,1.17466,1.17527,2727.0,1.1752,1.17534,1.1751085204130913
2025-12-16T07:00:00Z,1.17526,1.17543,1.17444,1.17524,3929.0,1.17517,1.17532,1.1751260510246793
2025-12-16T08:00:00Z,1.17525,1.17642,1.17466,1.17545,6159.0,1.17538,1.17552,1.1751692442213888
2025-12-16T09:00:00Z,1.17544,1.1762,1.17501,1.17561,5728.0,1.17552,1.1757,1.175228011658537
2025-12-16T10:00:00Z,1.17562,1.17618,1.17539,1.17574,4812.0,1.17567,1.17582,1.175296276770732
2025-12-16T11:00:00Z,1.17574,1.17632,1.17517,1.17632,3442.0,1.17624,1.1764,1.175432773201301
2025-12-16T12:00:00Z,1.17632,1.17785,1.17608,1.17778,5029.0,1.17771,1.17786,1.1757457367744608
2025-12-16T13:00:00Z,1.17779,1.17948,1.17569,1.17758,19782.0,1.17749,1.17766,1.1759903052045328
2025-12-16T14:00:00Z,1.17758,1.18002,1.1769,1.17998,12387.0,1.1799,1.18005,1.1765222645105953
2025-12-16T15:00:00Z,1.17996,1.18042,1.17674,1.17702,11365.0,1.17693,1.1771,1.1765886292425158
2025-12-16T16:00:00Z,1.17701,1.1776,1.17612,1.17692,7524.0,1.17684,1.177,1.1766328120101803
2025-12-16T17:00:00Z,1.17692,1.1778,1.17624,1.17639,5271.0,1.17631,1.17647,1.1766004370754897
2025-12-16T18:00:00Z,1.17639,1.17639,1.17452,1.17531,5777.0,1.17523,1.17539,1.1764283787987577
2025-12-16T19:00:00Z,1.17532,1.17623,1.17346,1.17578,6841.0,1.17569,1.17586,1.1763419282922567
2025-12-16T20:00:00Z,1.17576,1.17631,1.17464,1.17478,4568.0,1.17471,1.17486,1.1761336711866226
2025-12-16T21:00:00Z,1.17477,1.17514,1.17458,1.1748,1836.0,1.17469,1.1749,1.1759558483617396
2025-12-16T22:00:00Z,1.17476,1.175,1.1747,1.1748,1360.0,1.17468,1.17492,1.175801735246841
2025-12-16T23:00:00Z,1.17482,1.17513,1.17482,1.17494,856.0,1.17486,1.17501,1.1756868372139289
2025-12-17T00:00:00Z,1.17494,1.17518,1.17454,1.17504,2602.0,1.17496,1.17511,1.1756005922520718
2025-12-17T01:00:00Z,1.17504,1.17524,1.17452,1.17474,3910.0,1.17465,1.17482,1.1754858466184623
2025-12-17T02:00:00Z,1.17473,1.1748,1.17373,1.174,3734.0,1.17392,1.17407,1.1752877337360008
2025-12-17T03:00:00Z,1.174,1.17408,1.17369,1.17392,2490.0,1.17385,1.174,1.1751053692378675
2025-12-17T04:00:00Z,1.17392,1.17398,1.17277,1.17296,3040.0,1.17289,1.17304,1.1748193200061519
2025-12-17T05:00:00Z,1.17296,1.17308,1.1725,1.17292,3587.0,1.17285,1.17299,1.174566077338665
2025-12-17T06:00:00Z,1.17291,1.17306,1.17066,1.171,4870.0,1.17092,1.17107,1.1740906003601763
2025-12-17T07:00:00Z,1.171,1.17136,1.17031,1.1713,9627.0,1.17122,1.17139,1.1737185203121527
2025-12-17T08:00:00Z,1.1713,1.17211,1.1706,1.17186,6357.0,1.17179,1.17194,1.1734707176038657
2025-12-17T09:00:00Z,1.17187,1.17208,1.17116,1.17162,6108.0,1.17153,1.1717,1.1732239552566837
2025-12-17T10:00:00Z,1.1716,1.17254,1.17129,1.17252,5506.0,1.17244,1.17261,1.1731300945557925
2025-12-17T11:00:00Z,1.17254,1.17274,1.17078,1.17092,5007.0,1.17085,1.171,1.1728354152816869
2025-12-17T12:00:00Z,1.17093,1.17276,1.17084,1.17266,5114.0,1.17258,1.17275,1.172812026577462
2025-12-17T13:00:00Z,1.17267,1.17332,1.17199,1.17318,8981.0,1.1731,1.17326,1.172861089700467
2025-12-17T14:00:00Z,1.17318,1.17444,1.17283,1.17411,8328.0,1.17403,1.17419,1.173027611073738
2025-12-17T15:00:00Z,1.17411,1.17582,1.17404,1.17529,10183.0,1.17521,1.17537,1.1733292629305732
2025-12-17T16:00:00Z,1.17528,1.17563,1.17456,1.17472,7445.0,1.17464,1.17479,1.17351469453983
2025-12-17T17:00:00Z,1.17472,1.17548,1.17456,1.17494,4719.0,1.17486,1.17502,1.1737047352678527
2025-12-17T18:00:00Z,1.17494,1.17556,1.17426,1.17442,4159.0,1.17434,1.17451,1.1738001038988057
2025-12-17T19:00:00Z,1.17441,1.17474,1.17415,1.1745,3214.0,1.17442,1.17457,1.173893423378965
2025-12-17T20:00:00Z,1.1745,1.17462,1.17384,1.17396,2938.0,1.17388,1.17404,1.1739023002617697
2025-12-17T21:00:00Z,1.17396,1.17416,1.17387,1.17401,1697.0,1.1739,1.17412,1.1739166602268671
2025-12-17T22:00:00Z,1.17408,1.1744,1.17398,1.17403,838.0,1.17394,1.17412,1.1739317721966183
2025-12-17T23:00:00Z,1.17401,1.17434,1.17398,1.17418,921.0,1.1741,1.17425,1.1739648692370692
2025-12-18T00:00:00Z,1.17418,1.17458,1.17404,1.1744,2624.0,1.17432,1.17448,1.1740228866721267
2025-12-18T01:00:00Z,1.1744,1.17456,1.17352,1.17386,3751.0,1.17378,1.17395,1.1740011684491765
2025-12-18T02:00:00Z,1.17386,1.17427,1.17368,1.1741,3103.0,1.17402,1.17417,1.1740143459892862
2025-12-18T03:00:00Z,1.17409,1.1742,1.17375,1.17394,1941.0,1.17385,1.17402,1.1740044331907147
2025-12-18T04:00:00Z,1.17393,1.1743,1.17384,1.17428,1463.0,1.1742,1.17436,1.1740411754319529
2025-12-18T05:00:00Z,1.1743,1.17469,1.17412,1.17459,2371.0,1.17451,1.17467,1.1741143520410258
2025-12-18T06:00:00Z,1.17458,1.17474,1.17389,1.17443,2871.0,1.17435,1.17451,1.1741564384355556
2025-12-18T07:00:00Z,1.17442,1.17497,1.17336,1.17338,4778.0,1.1733,1.17347,1.1740529133108148
2025-12-18T08:00:00Z,1.17338,1.17373,1.17281,1.17324,5312.0,1.17316,1.17331,1.173944524869373
2025-12-18T09:00:00Z,1.17323,1.17328,1.17173,1.1722,5937.0,1.17212,1.17227,1.1737119215534566
2025-12-18T10:00:00Z,1.17218,1.17269,1.17178,1.17248,4063.0,1.1724,1.17256,1.173547665346329
2025-12-18T11:00:00Z,1.17248,1.17276,1.17204,1.17206,3897.0,1.17199,1.17214,1.1733493099668186
2025-12-18T12:00:00Z,1.17206,1.17234,1.17124,1.17139,6780.0,1.17131,1.17147,1.1730880686379095
2025-12-18T13:00:00Z,1.1714,1.17628,1.17132,1.17468,18799.0,1.17459,1.17477,1.173300326152855
2025-12-18T14:00:00Z,1.17468,1.17558,1.17327,1.17348,16500.0,1.1734,1.17355,1.1733242826658077
2025-12-18T15:00:00Z,1.17347,1.17403,1.1716,1.17272,11862.0,1.17265,1.1728,1.1732437116437
2025-12-18T16:00:00Z,1.17271,1.17461,1.17256,1.1728,8271.0,1.17273,1.17287,1.1731845500912068
2025-12-18T17:00:00Z,1.17282,1.17289,1.17153,1.17188,6303.0,1.1718,1.17197,1.173010610079046
2025-12-18T18:00:00Z,1.17189,1.1725,1.17154,1.17196,3499.0,1.17188,1.17205,1.1728705287351733
2025-12-18T19:00:00Z,1.17196,1.17278,1.17179,1.17252,4279.0,1.17244,1.17261,1.1728237915704836
2025-12-18T20:00:00Z,1.17253,1.17278,1.17203,1.17222,3022.0,1.17213,1.1723,1.1727432860277525
2025-12-18T21:00:00Z,1.17222,1.17253,1.17218,1.17236,1385.0,1.17227,1.17244,1.1726921812240523
2025-12-18T22:00:00Z,1.17203,1.1726,1.17203,1.17246,2812.0,1.17228,1.17263,1.172661223727512
2025-12-18T23:00:00Z,1.17246,1.17278,1.17238,1.17248,851.0,1.1724,1.17256,1.1726370605638439
2025-12-19T00:00:00Z,1.17248,1.17268,1.17218,1.17265,2780.0,1.17256,1.17274,1.172638785821998
2025-12-19T01:00:00Z,1.17265,1.17288,1.17205,1.17244,2892.0,1.17235,1.17252,1.1726122810457316
2025-12-19T02:00:00Z,1.17243,1.17287,1.17212,1.17227,2403.0,1.17219,1.17235,1.1725666435729674
2025-12-19T03:00:00Z,1.17228,1.17259,1.17184,1.17213,3841.0,1.17205,1.17221,1.172508424429905
2025-12-19T04:00:00Z,1.17214,1.17228,1.17156,1.1718,1917.0,1.17172,1.17188,1.1724139678392511
2025-12-19T05:00:00Z,1.1718,1.17208,1.1718,1.172,1908.0,1.17192,1.17208,1.172358772127351
2025-12-19T06:00:00Z,1.172,1.17216,1.17118,1.17199,4666.0,1.17191,1.17207,1.172309602510371
2025-12-19T07:00:00Z,1.17198,1.17206,1.17033,1.17077,5953.0,1.1707,1.17084,1.1721043221756549
2025-12-19T08:00:00Z,1.17077,1.17164,1.17062,1.17126,6772.0,1.17118,1.17135,1.1719917458855675
2025-12-19T09:00:00Z,1.17126,1.17179,1.17088,1.17122,6472.0,1.17114,1.1713,1.1718888464341586
2025-12-19T10:00:00Z,1.17124,1.17178,1.1709,1.17166,4890.0,1.17157,1.17174,1.171858333576271
2025-12-19T11:00:00Z,1.17165,1.17178,1.17077,1.17113,4562.0,1.17106,1.1712,1.171761222432768
2025-12-19T12:00:00Z,1.17112,1.17153,1.17077,1.17102,4419.0,1.17093,1.1711,1.1716623927750656
2025-12-19T13:00:00Z,1.17102,1.17194,1.17024,1.17194,7365.0,1.17185,1.17202,1.1716994070717235
2025-12-19T14:00:00Z,1.17194,1.17378,1.1719,1.17264,9314.0,1.17255,1.17274,1.1718248194621603
2025-12-19T15:00:00Z,1.17266,1.17282,1.17094,1.17097,8053.0,1.17089,1.17105,1.1717108435338723
2025-12-19T16:00:00Z,1.17096,1.1721,1.17084,1.1721,6249.0,1.17203,1.17217,1.1717627310626895
2025-12-19T17:00:00Z,1.1721,1.1721,1.17135,1.17192,3960.0,1.17184,1.17201,1.171783700254331
2025-12-19T18:00:00Z,1.17193,1.17273,1.17182,1.172,3711.0,1.17192,1.17208,1.1718125402204203
2025-12-19T19:00:00Z,1.172,1.17252,1.17164,1.17236,3432.0,1.17229,1.17244,1.1718855348576975
2025-12-19T20:00:00Z,1.17234,1.17257,1.17064,1.17098,2674.0,1.1709,1.17107,1.1717647968766711
2025-12-19T21:00:00Z,1.17098,1.17138,1.17062,1.17096,1913.0,1.17081,1.17112,1.1716574906264483
2025-12-21T22:00:00Z,1.17196,1.17196,1.17124,1.17144,2797.0,1.1711,1.17178,1.1716284918762552
2025-12-21T23:00:00Z,1.17148,1.17164,1.17064,1.17103,2660.0,1.17095,1.17111,1.1715486929594212
2025-12-22T00:00:00Z,1.17101,1.17162,1.17095,1.1716,5220.0,1.17152,1.17168,1.1715555338981651
2025-12-22T01:00:00Z,1.17162,1.17194,1.17136,1.17172,3154.0,1.17165,1.1718,1.1715774627117432
2025-12-22T02:00:00Z,1.17172,1.17194,1.17152,1.17164,1828.0,1.17156,1.17172,1.1715858010168443
2025-12-22T03:00:00Z,1.17162,1.17184,1.17136,1.17176,1895.0,1.17169,1.17184,1.1716090275479318
2025-12-22T04:00:00Z,1.17176,1.17218,1.17163,1.17202,1417.0,1.17195,1.1721,1.1716638238748742
2025-12-22T05:00:00Z,1.17202,1.17221,1.17156,1.17174,1840.0,1.17165,1.17183,1.1716739806915577
2025-12-22T06:00:00Z,1.17172,1.17193,1.1713,1.17159,2569.0,1.17151,1.17167,1.1716627832660167
2025-12-22T07:00:00Z,1.17158,1.17312,1.1715,1.1729,4071.0,1.17281,1.17298,1.1718277454972146
2025-12-22T08:00:00Z,1.1729,1.17384,1.17232,1.17359,4875.0,1.17352,1.17366,1.1720627127642527
2025-12-22T09:00:00Z,1.17359,1.17366,1.17274,1.173,4910.0,1.17293,1.17308,1.1721876843956858
2025-12-22T10:00:00Z,1.17301,1.1738,1.17291,1.17332,4344.0,1.17324,1.17341,1.1723386598095944
2025-12-22T11:00:00Z,1.17332,1.17366,1.17286,1.17334,3043.0,1.17327,1.17342,1.1724721718349818
2025-12-22T12:00:00Z,1.17335,1.17434,1.17334,1.17418,5615.0,1.1741,1.17425,1.1726998822569843
2025-12-22T13:00:00Z,1.17418,1.17546,1.17418,1.17506,7258.0,1.17498,1.17515,1.1730145646227197
2025-12-22T14:00:00Z,1.17507,1.17664,1.17451,1.17602,6757.0,1.17593,1.1761,1.1734152893396905
2025-12-22T15:00:00Z,1.176,1.17694,1.17577,1.1764,6370.0,1.17631,1.17648,1.1738132507610652
2025-12-22T16:00:00Z,1.1764,1.17642,1.17482,1.17496,4724.0,1.17488,1.17505,1.17396615065959
2025-12-22T17:00:00Z,1.17496,1.17648,1.17491,1.17582,3643.0,1.17574,1.17591,1.1742133305716447
2025-12-22T18:00:00Z,1.17582,1.17583,1.17494,1.17529,3119.0,1.17522,1.17536,1.1743568864954255
2025-12-22T19:00:00Z,1.1753,1.1756,1.17489,1.17554,2535.0,1.17546,1.17562,1.174514634962702
2025-12-22T20:00:00Z,1.17555,1.1759,1.17522,1.17552,2467.0,1.17544,1.1756,1.1746486836343417
2025-12-22T21:00:00Z,1.17552,1.17623,1.17546,1.17619,1115.0,1.1761,1.17628,1.1748541924830962
2025-12-22T22:00:00Z,1.1758,1.1763,1.17571,1.17592,4845.0,1.17574,1.17609,1.1749963001520167
2025-12-22T23:00:00Z,1.17593,1.17658,1.17591,1.17638,1489.0,1.17629,1.17647,1.175180793465081
2025-12-23T00:00:00Z,1.17637,1.17704,1.1763,1.1769,2449.0,1.17683,1.17698,1.1754100210030702
2025-12-23T01:00:00Z,1.1769,1.17761,1.1766,1.1773,3176.0,1.17723,1.17738,1.175662018202661
2025-12-23T02:00:00Z,1.17733,1.17806,1.17726,1.17777,2838.0,1.17769,1.17785,1.1759430824423063
2025-12-23T03:00:00Z,1.17778,1.17794,1.17732,1.17765,2158.0,1.17757,1.17773,1.1761706714499989
2025-12-23T04:00:00Z,1.17766,1.17793,1.17736,1.17754,2513.0,1.17746,1.17762,1.176353248589999
2025-12-23T05:00:00Z,1.17752,1.17798,1.17744,1.17751,2688.0,1.17743,1.17759,1.1765074821113326
2025-12-23T06:00:00Z,1.17753,1.17764,1.17686,1.17713,2406.0,1.17706,1.1772,1.1765904844964883
2025-12-23T07:00:00Z,1.17712,1.17814,1.17692,1.17787,5098.0,1.17779,1.17795,1.176761086563623
2025-12-23T08:00:00Z,1.17786,1.17846,1.17754,1.17844,6217.0,1.17837,1.17852,1.1769849416884735
2025-12-23T09:00:00Z,1.17845,1.1793,1.17818,1.17928,6704.0,1.17919,1.17936,1.1772909494633437
2025-12-23T10:00:00Z,1.17928,1.18004,1.17918,1.1799,4613.0,1.17983,1.17998,1.1776388228682313
2025-12-23T11:00:00Z,1.17989,1.18,1.17924,1.17959,3786.0,1.17951,1.17967,1.1778989798191337
2025-12-23T12:00:00Z,1.1796,1.18022,1.1789,1.17897,4491.0,1.17889,1.17905,1.1780417825099159
2025-12-23T13:00:00Z,1.17896,1.17939,1.17743,1.17748,8615.0,1.1774,1.17755,1.1779668781752606
2025-12-23T14:00:00Z,1.17748,1.17795,1.17686,1.17694,8552.0,1.17685,1.17702,1.1778299610852259
2025-12-23T15:00:00Z,1.17693,1.17792,1.1764,1.17743,8868.0,1.17735,1.17751,1.177776632940529
2025-12-23T16:00:00Z,1.17742,1.17804,1.17732,1.17757,5306.0,1.17749,1.17765,1.177749081881792
2025-12-23T17:00:00Z,1.17756,1.17789,1.1769,1.1771,3928.0,1.17701,1.17718,1.1776625376308865
2025-12-23T18:00:00Z,1.17708,1.17832,1.17696,1.17828,3472.0,1.1782,1.17837,1.1777448659467682
2025-12-23T19:00:00Z,1.17831,1.17914,1.17822,1.17901,3023.0,1.17893,1.17909,1.1779135504871991
2025-12-23T20:00:00Z,1.17902,1.17936,1.1787,1.17896,2983.0,1.17887,1.17904,1.178053077088906
2025-12-23T21:00:00Z,1.17894,1.1797,1.17883,1.17934,1500.0,1.17924,1.17945,1.1782246668103853
2025-12-23T22:00:00Z,1.17927,1.17954,1.17919,1.17946,1171.0,1.17932,1.1796,1.178389377902334
2025-12-23T23:00:00Z,1.17946,1.17972,1.17935,1.1795,1165.0,1.17941,1.17959,1.1785374608486896
2025-12-24T00:00:00Z,1.1795,1.1799,1.17904,1.17988,3382.0,1.17981,1.17996,1.1787164660688643
2025-12-24T01:00:00Z,1.17988,1.18064,1.17968,1.18053,3785.0,1.18045,1.18061,1.1789582705930157
2025-12-24T02:00:00Z,1.18054,1.1808,1.17982,1.17982,2659.0,1.17974,1.1799,1.1790731678472803
2025-12-24T03:00:00Z,1.17984,1.17985,1.1787,1.17876,3042.0,1.17869,1.17884,1.1790314121343097
2025-12-24T04:00:00Z,1.17876,1.17934,1.17858,1.17914,2271.0,1.17905,1.17922,1.1790458905164019
2025-12-24T05:00:00Z,1.17912,1.18022,1.17907,1.17992,2365.0,1.17984,1.18,1.1791624384475483
2025-12-24T06:00:00Z,1.1799,1.1804,1.17978,1.17999,3617.0,1.17992,1.18006,1.1792727799878753
2025-12-24T07:00:00Z,1.18001,1.18018,1.17864,1.1789,5678.0,1.17882,1.17898,1.179223075989492
2025-12-24T08:00:00Z,1.1789,1.17995,1.17798,1.17994,6414.0,1.17986,1.18002,1.1793186658575596
2025-12-24T09:00:00Z,1.17997,1.1801,1.17945,1.17998,4385.0,1.17989,1.18006,1.1794068437432184
2025-12-24T10:00:00Z,1.17997,1.18001,1.17908,1.17964,4987.0,1.17955,1.17973,1.1794379312441226
2025-12-24T11:00:00Z,1.17966,1.17986,1.1791,1.17928,4411.0,1.1792,1.17936,1.1794168737449062
2025-12-24T12:00:00Z,1.17929,1.17932,1.17839,1.17842,4825.0,1.17834,1.1785,1.1792839572455853
2025-12-24T13:00:00Z,1.17844,1.1791,1.17836,1.17853,6288.0,1.17845,1.17861,1.1791834296128407
2025-12-24T14:00:00Z,1.17852,1.1787,1.17774,1.17806,6695.0,1.17798,1.17815,1.1790336389977953
2025-12-24T15:00:00Z,1.17806,1.17826,1.17754,1.17782,6197.0,1.17774,1.17789,1.178871820464756
2025-12-24T16:00:00Z,1.17781,1.1781,1.17731,1.17792,5353.0,1.17784,1.17801,1.1787449110694552
2025-12-24T17:00:00Z,1.17792,1.17832,1.17726,1.17768,4129.0,1.1776,1.17775,1.1786029229268613
2025-12-24T18:00:00Z,1.17767,1.17798,1.17744,1.1779,2125.0,1.17783,1.17797,1.1785091998699464
2025-12-24T19:00:00Z,1.17788,1.17822,1.17788,1.17816,876.0,1.17809,1.17824,1.1784626398872868
2025-12-24T20:00:00Z,1.17817,1.1782,1.17793,1.17797,1706.0,1.17786,1.17808,1.1783969545689819
2025-12-24T21:00:00Z,1.17798,1.17801,1.17768,1.1777,1642.0,1.17748,1.17792,1.1783040272931176
2025-12-25T22:00:00Z,1.17805,1.17862,1.17784,1.17818,894.0,1.17784,1.17853,1.178287490320702
2025-12-25T23:00:00Z,1.17818,1.17862,1.1778,1.17845,9507.0,1.1783,1.1786,1.1783091582779417
2025-12-26T00:00:00Z,1.17844,1.1792,1.17767,1.17859,6422.0,1.1785,1.17868,1.1783466038408827
2025-12-26T01:00:00Z,1.1786,1.17917,1.17829,1.17872,4398.0,1.17864,1.17881,1.1783963899954317
2025-12-26T02:00:00Z,1.17873,1.17936,1.17836,1.17921,2508.0,1.17913,1.17929,1.1785048713293742
2025-12-26T03:00:00Z,1.17922,1.17926,1.17834,1.17844,2639.0,1.17834,1.17853,1.1784962218187909
2025-12-26T04:00:00Z,1.17843,1.17872,1.178,1.17832,2247.0,1.17823,1.17841,1.1784727255762855
2025-12-26T05:00:00Z,1.17832,1.17872,1.17801,1.17862,2297.0,1.17853,1.1787,1.178492362166114
2025-12-26T06:00:00Z,1.17863,1.1788,1.17718,1.17766,4321.0,1.17758,1.17773,1.1783813805439656
2025-12-26T07:00:00Z,1.17767,1.17778,1.17704,1.1773,5851.0,1.1772,1.17739,1.1782371964714369
2025-12-26T08:00:00Z,1.1773,1.17778,1.17666,1.17769,5687.0,1.17761,1.17777,1.178164236941912
2025-12-26T09:00:00Z,1.17768,1.17778,1.17686,1.17703,4636.0,1.17695,1.17711,1.1780130053496571
2025-12-26T10:00:00Z,1.17701,1.17798,1.1769,1.17732,4308.0,1.17724,1.17739,1.1779206046363695
2025-12-26T11:00:00Z,1.17731,1.17825,1.17731,1.17774,3888.0,1.17765,1.17783,1.177896524018187
2025-12-26T12:00:00Z,1.17776,1.17825,1.17728,1.17816,3924.0,1.17808,1.17824,1.1779316541490954
2025-12-26T13:00:00Z,1.17816,1.17968,1.17816,1.17914,6733.0,1.17906,1.17923,1.178092766929216
2025-12-26T14:00:00Z,1.17916,1.17946,1.17812,1.17838,6286.0,1.1783,1.17847,1.1781310646719874
2025-12-26T15:00:00Z,1.17838,1.17926,1.17716,1.17772,6745.0,1.17764,1.1778,1.1780762560490559
2025-12-26T16:00:00Z,1.17772,1.17796,1.17623,1.17652,9230.0,1.17643,1.17661,1.177868755242515
2025-12-26T17:00:00Z,1.17652,1.17705,1.17616,1.17702,8751.0,1.17693,1.17711,1.1777555878768464
2025-12-26T18:00:00Z,1.17704,1.17738,1.1769,1.1772,9370.0,1.17712,1.17729,1.1776815094932669
2025-12-26T19:00:00Z,1.17719,1.17768,1.17692,1.17768,4108.0,1.1776,1.17776,1.177681308227498
2025-12-26T20:00:00Z,1.17768,1.17818,1.17724,1.17751,3007.0,1.17742,1.1776,1.1776584671304982
2025-12-26T21:00:00Z,1.17751,1.17767,1.17658,1.1771,2478.0,1.17694,1.17725,1.1775840048464319
2025-12-28T22:00:00Z,1.1768,1.17734,1.17654,1.17706,345.0,1.17658,1.17754,1.1775141375335743
2025-12-28T23:00:00Z,1.1771,1.17782,1.1771,1.17726,2920.0,1.17719,1.17734,1.1774802525290977
2025-12-29T00:00:00Z,1.17728,1.1784,1.17718,1.17797,4004.0,1.17789,1.17805,1.1775455521918847
2025-12-29T01:00:00Z,1.17796,1.17864,1.17788,1.17842,3542.0,1.17834,1.17849,1.1776621452329668
2025-12-29T02:00:00Z,1.1784,1.17853,1.17756,1.17758,3101.0,1.17749,1.17766,1.177651192535238
2025-12-29T03:00:00Z,1.17758,1.17761,1.17712,1.17734,2178.0,1.17726,1.17743,1.1776097001972063
2025-12-29T04:00:00Z,1.17734,1.17734,1.1764,1.17644,2172.0,1.17636,1.17652,1.1774537401709122
2025-12-29T05:00:00Z,1.17644,1.17644,1.17537,1.1756,3086.0,1.17553,1.17568,1.1772065748147906
2025-12-29T06:00:00Z,1.17562,1.17697,1.17542,1.17696,3377.0,1.17688,1.17705,1.1771736981728187
2025-12-29T07:00:00Z,1.17698,1.17792,1.17653,1.17771,5871.0,1.17763,1.17779,1.1772452050831095
2025-12-29T08:00:00Z,1.1777,1.17888,1.1771,1.1784,6074.0,1.17832,1.17849,1.177399177738695
2025-12-29T09:00:00Z,1.1784,1.17891,1.17716,1.17764,6761.0,1.17757,1.17772,1.1774312873735358
2025-12-29T10:00:00Z,1.17764,1.17802,1.17653,1.17658,5193.0,1.1765,1.17667,1.1773177823903977
2025-12-29T11:00:00Z,1.17658,1.17712,1.17578,1.17659,5392.0,1.17651,1.17667,1.1772207447383447
2025-12-29T12:00:00Z,1.17656,1.17692,1.17555,1.17619,6173.0,1.17611,1.17627,1.1770833121065654
2025-12-29T13:00:00Z,1.17618,1.17737,1.17604,1.17698,7153.0,1.1769,1.17707,1.1770695371590234
2025-12-29T14:00:00Z,1.17698,1.17888,1.17672,1.1783,8294.0,1.17821,1.17839,1.1772335988711535
2025-12-29T15:00:00Z,1.17833,1.17864,1.17664,1.17678,10640.0,1.17671,1.17686,1.1771731190216663
2025-12-29T16:00:00Z,1.17676,1.17681,1.17524,1.17561,7999.0,1.17553,1.17569,1.1769647031521109
2025-12-29T17:00:00Z,1.1756,1.1757,1.17494,1.17521,5177.0,1.17513,1.17529,1.1767307427318294
2025-12-29T18:00:00Z,1.17519,1.1759,1.17508,1.17574,3827.0,1.17566,1.17582,1.1765986437009188
2025-12-29T19:00:00Z,1.17575,1.17682,1.1757,1.17674,2547.0,1.17666,1.17681,1.176617491207463
2025-12-29T20:00:00Z,1.17673,1.17706,1.17644,1.17706,3064.0,1.17697,1.17714,1.1766764923798012
2025-12-29T21:00:00Z,1.17705,1.17748,1.17702,1.17726,1423.0,1.17717,1.17735,1.1767542933958277
2025-12-29T22:00:00Z,1.1771,1.17722,1.17663,1.17682,4005.0,1.1766,1.17704,1.176763054276384
2025-12-29T23:00:00Z,1.1768,1.17746,1.1768,1.17725,1398.0,1.17717,1.17733,1.1768279803728663
2025-12-30T00:00:00Z,1.17724,1.17754,1.17716,1.17729,2419.0,1.17721,1.17737,1.1768895829898174
2025-12-30T01:00:00Z,1.17728,1.17751,1.17697,1.17751,3073.0,1.17742,1.1776,1.1769723052578418
2025-12-30T02:00:00Z,1.1775,1.17766,1.17716,1.17733,2151.0,1.17725,1.17741,1.1770199978901297
2025-12-30T03:00:00Z,1.17734,1.1776,1.17706,1.17726,1753.0,1.17717,1.17734,1.1770519981714458
2025-12-30T04:00:00Z,1.17727,1.17778,1.17718,1.17771,1464.0,1.17763,1.17779,1.1771397317485863
2025-12-30T05:00:00Z,1.17772,1.17791,1.1773,1.17752,1872.0,1.17744,1.17761,1.1771904341821082
2025-12-30T06:00:00Z,1.17752,1.17798,1.17739,1.17786,2654.0,1.17778,1.17794,1.1772797096244938
2025-12-30T07:00:00Z,1.17786,1.17786,1.17662,1.17703,3578.0,1.17695,1.17711,1.1772464150078947
2025-12-30T08:00:00Z,1.17704,1.17754,1.1766,1.17672,5356.0,1.17664,1.17679,1.1771762263401755
2025-12-30T09:00:00Z,1.17673,1.17779,1.17644,1.1769,4892.0,1.17681,1.17698,1.1771393961614856
2025-12-30T10:00:00Z,1.17688,1.17776,1.17688,1.17738,3955.0,1.17731,1.17746,1.1771714766732875
2025-12-30T11:00:00Z,1.17739,1.17768,1.17661,1.17667,3559.0,1.17659,1.17675,1.1771046131168492
2025-12-30T12:00:00Z,1.17668,1.17679,1.17607,1.17618,4053.0,1.1761,1.17625,1.176981331367936
2025-12-30T13:00:00Z,1.17616,1.17679,1.17554,1.17633,7773.0,1.17625,1.17641,1.1768944871855447
2025-12-30T14:00:00Z,1.17634,1.17643,1.17564,1.17634,6531.0,1.17626,1.17641,1.1768205555608053
2025-12-30T15:00:00Z,1.17634,1.17663,1.17453,1.17598,7209.0,1.17591,1.17606,1.1767084814860314
2025-12-30T16:00:00Z,1.17598,1.17667,1.17544,1.17648,6186.0,1.1764,1.17656,1.176678017287894
2025-12-30T17:00:00Z,1.1765,1.17668,1.17552,1.1756,3676.0,1.17552,1.17569,1.1765342816495081
2025-12-30T18:00:00Z,1.17561,1.17594,1.17482,1.17501,3725.0,1.1749,1.17512,1.1763310440962405
2025-12-30T19:00:00Z,1.17502,1.17529,1.17452,1.17468,2945.0,1.1746,1.17476,1.1761109048834084
2025-12-30T20:00:00Z,1.17468,1.17503,1.17434,1.1744,2989.0,1.17431,1.17448,1.1758827842322874
2025-12-30T21:00:00Z,1.17439,1.17488,1.17439,1.1748,1030.0,1.17471,1.17489,1.1757384130013158
2025-12-30T22:00:00Z,1.17466,1.1749,1.17458,1.17466,445.0,1.17454,1.17479,1.1755946246011404
2025-12-30T23:00:00Z,1.17464,1.17492,1.17452,1.17456,793.0,1.17448,1.17465,1.1754566746543218
2025-12-31T00:00:00Z,1.17457,1.17478,1.17444,1.17473,1509.0,1.17465,1.17481,1.1753597847004122
2025-12-31T01:00:00Z,1.17474,1.17491,1.17419,1.17426,2962.0,1.17417,1.17434,1.1752131467403573
2025-12-31T02:00:00Z,1.17424,1.17427,1.17388,1.17402,3059.0,1.17394,1.1741,1.1750540605083097
2025-12-31T03:00:00Z,1.174,1.17436,1.17396,1.17426,2006.0,1.17418,1.17434,1.1749481857738684
2025-12-31T04:00:00Z,1.17426,1.17428,1.1733,1.17345,1705.0,1.17336,1.17354,1.1747484276706859
2025-12-31T05:00:00Z,1.17345,1.17393,1.17344,1.17385,1996.0,1.17377,1.17393,1.1746286373145944
2025-12-31T06:00:00Z,1.17386,1.17398,1.17332,1.17374,2564.0,1.17366,1.17383,1.1745101523393153
2025-12-31T07:00:00Z,1.17373,1.17388,1.17298,1.17371,4414.0,1.17363,1.17379,1.17440346536074
2025-12-31T08:00:00Z,1.17372,1.17398,1.172,1.17231,5263.0,1.17223,1.17239,1.1741243366459748
2025-12-31T09:00:00Z,1.17231,1.17389,1.172,1.17351,5131.0,1.17343,1.17359,1.1740424250931782
2025-12-31T10:00:00Z,1.1735,1.17438,1.17286,1.17392,4830.0,1.17383,1.17402,1.1740261017474212
2025-12-31T11:00:00Z,1.17394,1.17478,1.17364,1.17472,5107.0,1.17464,1.1748,1.1741186215144317
2025-12-31T12:00:00Z,1.17472,1.17594,1.17472,1.17554,5135.0,1.17546,1.17561,1.174308138645841
2025-12-31T13:00:00Z,1.17553,1.17595,1.17416,1.1742,6958.0,1.17412,1.17428,1.1742937201597288
2025-12-31T14:00:00Z,1.1742,1.17426,1.17274,1.17302,7960.0,1.17294,1.1731,1.1741238908050984
2025-12-31T15:00:00Z,1.17302,1.17462,1.17202,1.17441,11017.0,1.17434,1.17448,1.174162038697752
2025-12-31T16:00:00Z,1.17442,1.17488,1.17288,1.1735,8270.0,1.17341,1.17358,1.1740737668713852
2025-12-31T17:00:00Z,1.17349,1.1739,1.17315,1.1736,5816.0,1.17351,1.1737,1.1740105979552005
2025-12-31T18:00:00Z,1.1736,1.17388,1.17304,1.1736,4871.0,1.17351,1.17369,1.1739558515611739
2025-12-31T19:00:00Z,1.17362,1.17432,1.17362,1.17408,2793.0,1.17399,1.17416,1.1739724046863507
2025-12-31T20:00:00Z,1.17407,1.1753,1.17402,1.1752,2293.0,1.17512,1.17529,1.1741360840615038
2025-12-31T21:00:00Z,1.17522,1.1753,1.1745,1.17459,1317.0,1.17449,1.17469,1.1741966061866367
2026-01-01T22:00:00Z,1.17498,1.17505,1.17474,1.17488,494.0,1.17458,1.17519,1.1742877253617519
2026-01-01T23:00:00Z,1.17487,1.1751,1.17458,1.1751,1188.0,1.17501,1.17518,1.1743960286468516
2026-01-02T00:00:00Z,1.1751,1.17564,1.17501,1.17564,1574.0,1.17555,1.17572,1.174561891493938
2026-01-02T01:00:00Z,1.17564,1.17628,1.17564,1.1761,2791.0,1.17602,1.17619,1.1747669726280796
2026-01-02T02:00:00Z,1.1761,1.17638,1.17583,1.17594,1720.0,1.17586,1.17601,1.174923376277669
2026-01-02T03:00:00Z,1.17594,1.1765,1.17592,1.17644,1527.0,1.17636,1.17653,1.1751255927739799
2026-01-02T04:00:00Z,1.17644,1.17648,1.17551,1.17556,1525.0,1.17548,1.17565,1.1751835137374493
2026-01-02T05:00:00Z,1.17556,1.17579,1.17508,1.17513,1468.0,1.17504,1.17522,1.175176378572456
2026-01-02T06:00:00Z,1.17512,1.17516,1.17416,1.17438,2357.0,1.1743,1.17447,1.1750701947627953
2026-01-02T07:00:00Z,1.17437,1.17472,1.17322,1.17348,4815.0,1.1734,1.17356,1.1748581687944226
2026-01-02T08:00:00Z,1.17347,1.17384,1.17238,1.17286,7223.0,1.17278,1.17293,1.1745917462884996
2026-01-02T09:00:00Z,1.17286,1.17375,1.17206,1.17214,5940.0,1.17206,1.17222,1.1742648467833663
2026-01-02T10:00:00Z,1.17214,1.17236,1.17132,1.17211,4836.0,1.17203,1.17219,1.1739775338789176
2026-01-02T11:00:00Z,1.17211,1.17226,1.17152,1.1722,3949.0,1.17212,1.17227,1.1737405293617287
2026-01-02T12:00:00Z,1.17219,1.17272,1.17207,1.17237,3715.0,1.1723,1.17244,1.1735577921134983
2026-01-02T13:00:00Z,1.17238,1.1729,1.17182,1.17215,6541.0,1.17207,1.17223,1.1733700864983652
2026-01-02T14:00:00Z,1.17217,1.17308,1.17158,1.17286,6467.0,1.17278,1.17294,1.1733020749652499
2026-01-02T15:00:00Z,1.17284,1.17522,1.17283,1.17507,9129.0,1.17498,1.17516,1.1735377983032165
2026-01-02T16:00:00Z,1.17508,1.17545,1.17341,1.17375,6982.0,1.17367,1.17383,1.1735660918627877
2026-01-02T17:00:00Z,1.17374,1.17376,1.17286,1.17308,4792.0,1.173,1.17316,1.173501279614416
2026-01-02T18:00:00Z,1.17308,1.17314,1.17154,1.17192,4792.0,1.17184,1.17199,1.173290442332494
2026-01-02T19:00:00Z,1.17191,1.17244,1.17144,1.17232,4435.0,1.17224,1.17241,1.1731610500214948
2026-01-02T20:00:00Z,1.17233,1.17238,1.17153,1.17178,3253.0,1.17169,1.17186,1.172976910018629
2026-01-02T21:00:00Z,1.17176,1.17234,1.17174,1.17199,1824.0,1.17187,1.17211,1.172845322016145
2026-01-04T22:00:00Z,1.17239,1.17239,1.17104,1.17116,1155.0,1.17101,1.1713,1.1726206124139924
2026-01-04T23:00:00Z,1.17118,1.1713,1.17004,1.17052,3174.0,1.17043,1.17061,1.1723405307587935
2026-01-05T00:00:00Z,1.17053,1.17111,1.17036,1.17051,5784.0,1.17042,1.1706,1.1720964599909545
2026-01-05T01:00:00Z,1.1705,1.17074,1.16996,1.17004,5353.0,1.16996,1.17011,1.171822265325494
2026-01-05T02:00:00Z,1.17004,1.17016,1.1684,1.16888,4746.0,1.1688,1.16895,1.1714299632820948
2026-01-05T03:00:00Z,1.16888,1.16909,1.16722,1.16754,4058.0,1.16746,1.16761,1.170911301511149
2026-01-05T04:00:00Z,1.16752,1.16831,1.16734,1.1682,3443.0,1.16811,1.16828,1.1705497946429957
2026-01-05T05:00:00Z,1.16819,1.1686,1.16805,1.16855,2501.0,1.16848,1.16862,1.170283155357263
2026-01-05T06:00:00Z,1.16856,1.1692,1.16784,1.16912,3634.0,1.16905,1.16919,1.1701280679762947
2026-01-05T07:00:00Z,1.16913,1.16922,1.16836,1.16862,6073.0,1.16854,1.1687,1.1699269922461222
2026-01-05T08:00:00Z,1.1686,1.1695,1.1681,1.16834,7029.0,1.16826,1.16843,1.1697153932799726
2026-01-05T09:00:00Z,1.16834,1.16875,1.16739,1.16825,6254.0,1.16817,1.16833,1.1695200075093097
2026-01-05T10:00:00Z,1.16823,1.16902,1.16798,1.169,5865.0,1.16892,1.16908,1.1694506731747352
2026-01-05T11:00:00Z,1.169,1.1691,1.16803,1.16814,5443.0,1.16806,1.16823,1.1692759167514373
2026-01-05T12:00:00Z,1.16814,1.16852,1.16699,1.16708,5534.0,1.16699,1.16716,1.1689831278512457
2026-01-05T13:00:00Z,1.16709,1.16752,1.16592,1.16746,8858.0,1.16738,1.16754,1.1687800441377463
2026-01-05T14:00:00Z,1.16746,1.16874,1.16733,1.16852,9029.0,1.16841,1.16863,1.1687453715860467
2026-01-05T15:00:00Z,1.16852,1.17047,1.16852,1.17046,10322.0,1.17039,1.17054,1.1689739887079071
2026-01-05T16:00:00Z,1.17046,1.17187,1.1704,1.17149,7976.0,1.17141,1.17157,1.1693094568801863
2026-01-05T17:00:00Z,1.17148,1.17198,1.17101,1.17144,6496.0,1.17136,1.17153,1.1695935292961614
2026-01-05T18:00:00Z,1.17145,1.17254,1.17134,1.17251,3974.0,1.17243,1.17259,1.1699823920566732
2026-01-05T19:00:00Z,1.17252,1.17288,1.17222,1.17272,4138.0,1.17264,1.1728,1.1703474064491168
2026-01-05T20:00:00Z,1.17268,1.17288,1.17238,1.17248,2577.0,1.1724,1.17257,1.1706317522559013
2026-01-05T21:00:00Z,1.17248,1.17265,1.17196,1.17216,1631.0,1.17208,1.17224,1.1708355186217811
2026-01-05T22:00:00Z,1.17206,1.17232,1.17188,1.1719,440.0,1.17177,1.17204,1.1709774494722103
2026-01-05T23:00:00Z,1.17191,1.17218,1.17128,1.17146,1137.0,1.17137,1.17155,1.1710417895425822
2026-01-06T00:00:00Z,1.17146,1.1717,1.17106,1.17168,3183.0,1.1716,1.17176,1.171126884270238
2026-01-06T01:00:00Z,1.17168,1.17254,1.17122,1.17254,4662.0,1.17246,1.17263,1.171315299700873
2026-01-06T02:00:00Z,1.17256,1.1738,1.17222,1.17374,3119.0,1.17367,1.17382,1.1716385930740898
2026-01-06T03:00:00Z,1.17374,1.17384,1.17326,1.17346,2799.0,1.17339,1.17354,1.1718814473308778
2026-01-06T04:00:00Z,1.17347,1.17356,1.17315,1.17338,2457.0,1.1733,1.17345,1.1720812543534276
2026-01-06T05:00:00Z,1.17337,1.1737,1.17273,1.17288,2828.0,1.1728,1.17296,1.1721877537729706
2026-01-06T06:00:00Z,1.1729,1.17372,1.17286,1.17362,3029.0,1.17355,1.1737,1.1723787199365745
2026-01-06T07:00:00Z,1.1736,1.17429,1.17259,1.17291,4927.0,1.17283,1.17299,1.1724495572783646
2026-01-06T08:00:00Z,1.1729,1.1739,1.17261,1.17286,6632.0,1.17276,1.17296,1.1725042829745826
2026-01-06T09:00:00Z,1.17286,1.1729,1.1708,1.17133,6945.0,1.17125,1.17141,1.172347711911305
2026-01-06T10:00:00Z,1.17132,1.17172,1.17082,1.17128,4756.0,1.1712,1.17136,1.1722053503231311
2026-01-06T11:00:00Z,1.17126,1.17131,1.1705,1.17062,4381.0,1.17054,1.1707,1.171993970280047
2026-01-06T12:00:00Z,1.17062,1.17122,1.16972,1.17014,5267.0,1.17003,1.17024,1.1717467742427075
2026-01-06T13:00:00Z,1.17014,1.17137,1.16975,1.1711,7498.0,1.17103,1.17118,1.171660537677013
2026-01-06T14:00:00Z,1.1711,1.17176,1.16992,1.17092,8688.0,1.17084,1.171,1.171561799320078
2026-01-06T15:00:00Z,1.17092,1.17092,1.1684,1.16953,10993.0,1.16945,1.16961,1.1712908927440675
2026-01-06T16:00:00Z,1.16953,1.16984,1.16859,1.16881,6720.0,1.16873,1.16889,1.1709601070448585
2026-01-06T17:00:00Z,1.16881,1.17008,1.1687,1.17007,3923.0,1.16999,1.17015,1.1708414261055442
2026-01-06T18:00:00Z,1.17008,1.17022,1.1687,1.16882,4656.0,1.16874,1.16891,1.170571902624805
2026-01-06T19:00:00Z,1.16884,1.16912,1.1684,1.16897,5151.0,1.16889,1.16905,1.1703583156081643
2026-01-06T20:00:00Z,1.16898,1.16932,1.16866,1.1687,3355.0,1.16862,1.16877,1.170137206860409
2026-01-06T21:00:00Z,1.16869,1.1689,1.16846,1.16888,1414.0,1.1688,1.16897,1.1699695792790212
2026-01-06T22:00:00Z,1.16865,1.1689,1.16852,1.1689,487.0,1.16877,1.16904,1.169826968708485
2026-01-06T23:00:00Z,1.1689,1.16906,1.16868,1.16872,954.0,1.16864,1.16881,1.1696793728806871
2026-01-07T00:00:00Z,1.16874,1.16943,1.16854,1.16918,4101.0,1.16909,1.16926,1.169612789829929
2026-01-07T01:00:00Z,1.16917,1.17006,1.169,1.16958,4701.0,1.1695,1.16966,1.1696084178526052
2026-01-07T02:00:00Z,1.16958,1.17027,1.16953,1.16963,2841.0,1.16955,1.16971,1.1696112954722577
2026-01-07T03:00:00Z,1.16962,1.17003,1.16961,1.16986,2248.0,1.16979,1.16994,1.1696444560759567
2026-01-07T04:00:00Z,1.16987,1.17022,1.1691,1.16912,3745.0,1.16904,1.16921,1.1695745285991626
2026-01-07T05:00:00Z,1.16912,1.16944,1.16909,1.16931,2998.0,1.16923,1.16939,1.1695392581192743
2026-01-07T06:00:00Z,1.16932,1.16998,1.16922,1.16976,2867.0,1.16968,1.16984,1.1695686903700377
2026-01-07T07:00:00Z,1.16976,1.1699,1.16786,1.16828,5287.0,1.1682,1.16836,1.169396864987366
2026-01-07T08:00:00Z,1.16826,1.16874,1.16729,1.16859,6507.0,1.16851,1.16867,1.1692892829890507
2026-01-07T09:00:00Z,1.16858,1.1687,1.16813,1.16846,4997.0,1.16836,1.16856,1.169178711923844
2026-01-07T10:00:00Z,1.16846,1.16938,1.16834,1.16886,5116.0,1.16879,1.16893,1.1691362170006647
2026-01-07T11:00:00Z,1.16886,1.16926,1.1685,1.16892,4489.0,1.16884,1.169,1.1691073880672427
2026-01-07T12:00:00Z,1.16893,1.16913,1.16811,1.16878,4747.0,1.16869,1.16887,1.1690637363249436
2026-01-07T13:00:00Z,1.16878,1.16948,1.16825,1.16917,7127.0,1.1691,1.16924,1.169077904814951
2026-01-07T14:00:00Z,1.16916,1.16984,1.16871,1.1697,7682.0,1.16952,1.16989,1.1691608508396243
2026-01-07T15:00:00Z,1.1696,1.16988,1.168,1.16902,14143.0,1.16894,1.1691,1.1691420707276745
2026-01-07T16:00:00Z,1.16902,1.16932,1.16822,1.16893,6002.0,1.16885,1.16901,1.1691137946306513
2026-01-07T17:00:00Z,1.16892,1.16949,1.16862,1.16879,4740.0,1.16871,1.16887,1.1690706220132312
2026-01-07T18:00:00Z,1.1688,1.16904,1.16824,1.1683,3616.0,1.16822,1.16839,1.1689678724114672
2026-01-07T19:00:00Z,1.16831,1.16854,1.16786,1.16824,3979.0,1.16816,1.16832,1.168870822756605
2026-01-07T20:00:00Z,1.16824,1.16838,1.16789,1.16789,2776.0,1.16781,1.16797,1.1687400463890576
2026-01-07T21:00:00Z,1.16789,1.16792,1.16738,1.16759,1382.0,1.16752,1.16766,1.1685867068705167
2026-01-07T22:00:00Z,1.16751,1.16782,1.16751,1.16775,341.0,1.16763,1.16787,1.1684751459544478
